{
    "속초": {
        "ws": [
            0.0037,
            0.0037,
            0.0024,
            0.001,
            0.002,
            0.0,
            0.0,
            0.0,
            0.001,
            0.0,
            0.0,
            0.0,
            0.0,
            0.0,
            0.0,
            0.0,
            0.0003,
            0.0024,
            0.0,
            0.0
        ],
        "wd": [
            165.9,
            154.4,
            158.0,
            175.9,
            273.1,
            261.9,
            231.4,
            108.3,
            285.2,
            279.2,
            241.8,
            258.3,
            265.0,
            331.1,
            7.4,
            277.5,
            286.8,
            293.7,
            331.6,
            67.7
        ],
        "p": [
            "#0050AE",
            "#0050AE",
            "#0050AE",
            "#0050AE",
            "#0050AE",
            "#0050AE",
            "#0050AE",
            "#0050AE",
            "#0050AE",
            "#0051AD",
            "#0051AD",
            "#0051AD",
            "#0053AB",
            "#0055A9",
            "#0055A9",
            "#0055A9",
            "#0055A9",
            "#0055A9",
            "#0056A8",
            "#0056A8"
        ],
        "x": 0.609312924382714,
        "y": 0.160901909722222
    },
    "북춘천": {
        "ws": [
            0.0014,
            0.001,
            0.0014,
            0.0017,
            0.0024,
            0.0003,
            0.0,
            0.0024,
            0.002,
            0.002,
            0.0014,
            0.0031,
            0.0014,
            0.0,
            0.0031,
            0.0027,
            0.0024,
            0.001,
            0.0031,
            0.0034
        ],
        "wd": [
            302.7,
            343.1,
            43.9,
            89.2,
            81.3,
            154.0,
            43.4,
            265.4,
            219.0,
            244.6,
            44.6,
            38.2,
            27.4,
            67.2,
            91.9,
            114.5,
            113.8,
            175.9,
            257.6,
            250.6
        ],
        "p": [
            "#0055A9",
            "#0055A9",
            "#0055A9",
            "#0055A9",
            "#0055A9",
            "#0055A9",
            "#0056A8",
            "#0056A8",
            "#0055A9",
            "#0055A9",
            "#0056A8",
            "#0058A6",
            "#0058A6",
            "#005AA4",
            "#005AA4",
            "#005AA4",
            "#005AA4",
            "#005AA4",
            "#005AA4",
            "#005AA4"
        ],
        "x": 0.498959567901235,
        "y": 0.202176504629629
    },
    "철원": {
        "ws": [
            0.0017,
            0.0017,
            0.0017,
            0.0024,
            0.0027,
            0.0,
            0.0,
            0.0,
            0.0,
            0.0007,
            0.0,
            0.0,
            0.0007,
            0.0,
            0.0,
            0.0003,
            0.0,
            0.0,
            0.0,
            0.0
        ],
        "wd": [
            329.0,
            62.8,
            352.5,
            322.9,
            132.3,
            124.7,
            0.0,
            0.0,
            0.0,
            324.2,
            0.0,
            0.0,
            4.2,
            334.8,
            0.0,
            327.2,
            0.0,
            0.0,
            0.0,
            0.0
        ],
        "p": [
            "#0055A9",
            "#0055A9",
            "#0055A9",
            "#0055A9",
            "#0055A9",
            "#0055A9",
            "#0056A8",
            "#0058A6",
            "#0058A6",
            "#005AA4",
            "#005AA4",
            "#005AA4",
            "#005AA4",
            "#005AA4",
            "#0058A6",
            "#0058A6",
            "#0058A6",
            "#005AA4",
            "#005AA4",
            "#005AA4"
        ],
        "x": 0.43764760802469105,
        "y": 0.17490943287037
    },
    "동두천": {
        "ws": [
            0.0014,
            0.001,
            0.0014,
            0.002,
            0.0007,
            0.0017,
            0.0017,
            0.0003,
            0.0,
            0.0,
            0.0014,
            0.0,
            0.0007,
            0.0,
            0.0,
            0.0024,
            0.0007,
            0.002,
            0.002,
            0.002
        ],
        "wd": [
            84.3,
            79.1,
            59.6,
            50.2,
            26.8,
            353.0,
            43.6,
            79.7,
            0.0,
            0.0,
            324.1,
            0.0,
            80.1,
            0.0,
            0.0,
            35.3,
            64.9,
            62.0,
            36.8,
            356.5
        ],
        "p": [
            "#0053AB",
            "#0055A9",
            "#0055A9",
            "#0055A9",
            "#0055A9",
            "#0055A9",
            "#0056A8",
            "#0056A8",
            "#0056A8",
            "#0056A8",
            "#0056A8",
            "#0058A6",
            "#0058A6",
            "#0058A6",
            "#0058A6",
            "#0058A6",
            "#0058A6",
            "#0058A6",
            "#0058A6",
            "#0058A6"
        ],
        "x": 0.4044857638888879,
        "y": 0.20836429398148198
    },
    "파주": {
        "ws": [
            0.0,
            0.0,
            0.0,
            0.002,
            0.0,
            0.0,
            0.0,
            0.0,
            0.0,
            0.002,
            0.0044,
            0.0044,
            0.0048,
            0.0003,
            0.0051,
            0.0027,
            0.0037,
            0.0061,
            0.0078,
            0.0095
        ],
        "wd": [
            0.0,
            0.0,
            0.0,
            190.8,
            0.0,
            0.0,
            0.0,
            0.0,
            0.0,
            40.6,
            16.7,
            25.3,
            347.2,
            293.0,
            34.6,
            2.7,
            324.7,
            3.0,
            348.9,
            358.7
        ],
        "p": [
            "#0055A9",
            "#0055A9",
            "#0055A9",
            "#0055A9",
            "#0056A8",
            "#0056A8",
            "#0056A8",
            "#0056A8",
            "#0056A8",
            "#0056A8",
            "#0056A8",
            "#0056A8",
            "#0056A8",
            "#0055A9",
            "#0056A8",
            "#0056A8",
            "#0056A8",
            "#0056A8",
            "#0056A8",
            "#0058A6"
        ],
        "x": 0.364419174382715,
        "y": 0.210540219907408
    }
}
