{
    "속초": {
        "ws": [
            0.0037,
            0.0037,
            0.0024
        ],
        "wd": [
            165.9,
            154.4,
            158.0
        ],
        "p": [
            "#0050AE",
            "#0050AE",
            "#0050AE"
        ],
        "x": 0.609312924382714,
        "y": 0.160901909722222
    },
    "북춘천": {
        "ws": [
            0.0014,
            0.001,
            0.0014
        ],
        "wd": [
            302.7,
            343.1,
            43.9
        ],
        "p": [
            "#0055A9",
            "#0055A9",
            "#0055A9"
        ],
        "x": 0.498959567901235,
        "y": 0.202176504629629
    },
    "철원": {
        "ws": [
            0.0017,
            0.0017,
            0.0017
        ],
        "wd": [
            329.0,
            62.8,
            352.5
        ],
        "p": [
            "#0055A9",
            "#0055A9",
            "#0055A9"
        ],
        "x": 0.43764760802469105,
        "y": 0.17490943287037
    }
}