{
    "속초": [
        0.609312924382714,
        0.160901909722222
    ],
    "북춘천": [
        0.498959567901235,
        0.202176504629629
    ],
    "철원": [
        0.43764760802469105,
        0.17490943287037
    ],
    "동두천": [
        0.4044857638888879,
        0.20836429398148198
    ],
    "파주": [
        0.364419174382715,
        0.210540219907408
    ],
    "대관령": [
        0.630231442901234,
        0.23893605324074
    ],
    "춘천": [
        0.49641284722222095,
        0.20826909722222198
    ],
    "백령도": [
        0.0846748456790127,
        0.19855902777777804
    ],
    "북강릉": [
        0.6489028549382719,
        0.22159664351851802
    ],
    "강릉": [
        0.653751157407406,
        0.228817997685185
    ],
    "동해": [
        0.68552388117284,
        0.262055266203704
    ],
    "서울": [
        0.39156149691358,
        0.253310763888889
    ],
    "인천": [
        0.34513491512345595,
        0.266053530092593
    ],
    "원주": [
        0.525134953703704,
        0.285120081018519
    ],
    "울릉도": [
        0.92716273148148,
        0.26556394675926
    ],
    "수원": [
        0.393903935185186,
        0.295999710648148
    ],
    "영월": [
        0.5946999228395071,
        0.30636255787037
    ],
    "충주": [
        0.525938464506173,
        0.33503038194444396
    ],
    "서산": [
        0.327294251543209,
        0.36139988425925895
    ],
    "울진": [
        0.724814197530865,
        0.33213368055555603
    ],
    "청주": [
        0.456237307098766,
        0.380085648148148
    ],
    "대전": [
        0.44689479166666707,
        0.41642361111111104
    ],
    "추풍령": [
        0.531671990740741,
        0.437054108796296
    ],
    "안동": [
        0.628733371913581,
        0.38910214120370396
    ],
    "상주": [
        0.553843441358024,
        0.41147337962963
    ],
    "포항": [
        0.7203472222222221,
        0.462662037037038
    ],
    "군산": [
        0.36372461419753,
        0.46629311342592605
    ],
    "대구": [
        0.621338348765431,
        0.483605324074074
    ],
    "전주": [
        0.412180401234567,
        0.488650752314815
    ],
    "울산": [
        0.7141778935185179,
        0.5238055555555561
    ],
    "창원": [
        0.6104160493827161,
        0.579862847222222
    ],
    "광주": [
        0.381456327160493,
        0.579495659722223
    ],
    "부산": [
        0.6729537037037049,
        0.588770543981481
    ],
    "통영": [
        0.591731018518518,
        0.624034143518519
    ],
    "목포": [
        0.311986689814815,
        0.627855613425926
    ],
    "여수": [
        0.497080169753086,
        0.6384632523148149
    ],
    "흑산도": [
        0.18527712191358,
        0.6455486111111121
    ],
    "완도": [
        0.355607793209877,
        0.6851640625
    ],
    "고창": [
        0.34160763888888895,
        0.555655671296297
    ],
    "순천": [
        0.4465270833333329,
        0.600234953703703
    ],
    "홍성": [
        0.353687538580248,
        0.37758333333333294
    ],
    "제주": [
        0.332169791666667,
        0.805084780092593
    ],
    "고산": [
        0.282202314814815,
        0.8350445601851859
    ],
    "성산": [
        0.37990378086419796,
        0.8223969907407409
    ],
    "서귀포": [
        0.337018094135802,
        0.8415179398148149
    ],
    "진주": [
        0.537854938271604,
        0.580733217592592
    ],
    "강화": [
        0.32081168981481395,
        0.234815393518519
    ],
    "양평": [
        0.463564236111111,
        0.26457118055555606
    ],
    "이천": [
        0.46216149691358,
        0.29511574074074
    ],
    "인제": [
        0.555164467592593,
        0.18687702546296303
    ],
    "홍천": [
        0.5161192901234559,
        0.238052083333334
    ],
    "태백": [
        0.6671384645061711,
        0.307844907407407
    ],
    "정선": [
        0.6203714120370389,
        0.27913628472222196
    ],
    "제천": [
        0.5588687885802471,
        0.309354456018518
    ],
    "보은": [
        0.496208564814815,
        0.40070254629629604
    ],
    "천안": [
        0.436095061728395,
        0.36335821759259296
    ],
    "보령": [
        0.33594220679012393,
        0.42251620370370396
    ],
    "부여": [
        0.385433024691358,
        0.42996875
    ],
    "금산": [
        0.46183464506172905,
        0.452652777777777
    ],
    "세종": [
        0.42950354938271595,
        0.401028935185185
    ],
    "부안": [
        0.35762337962963,
        0.503787037037037
    ],
    "임실": [
        0.43511450617284,
        0.5197800925925921
    ],
    "정읍": [
        0.37429282407407394,
        0.526389467592592
    ],
    "남원": [
        0.4502177854938279,
        0.545714409722222
    ],
    "장수": [
        0.46707789351851897,
        0.5136603009259261
    ],
    "고창군": [
        0.35495408950617297,
        0.544993634259259
    ],
    "영광": [
        0.32510162037037105,
        0.5644273726851851
    ],
    "김해": [
        0.653723919753088,
        0.571757523148149
    ],
    "순창": [
        0.413732947530865,
        0.552514178240741
    ],
    "북창원": [
        0.6240076388888871,
        0.5721927083333339
    ],
    "양산": [
        0.671333063271607,
        0.561204282407407
    ],
    "보성": [
        0.425131905864197,
        0.635185763888889
    ],
    "강진": [
        0.36451450617284,
        0.653477141203703
    ],
    "장흥": [
        0.38525597993827204,
        0.6453174189814821
    ],
    "해남": [
        0.337535609567902,
        0.6636903935185179
    ],
    "고흥": [
        0.43376624228395094,
        0.65491869212963
    ],
    "의령": [
        0.5716432484567879,
        0.559137152777778
    ],
    "함양": [
        0.49773387345679104,
        0.533461226851852
    ],
    "광양": [
        0.49037970679012394,
        0.6107065972222231
    ],
    "진도": [
        0.29523553240740696,
        0.674678819444445
    ],
    "봉화": [
        0.656951581790124,
        0.338688657407407
    ],
    "영주": [
        0.602803124999999,
        0.348453125
    ],
    "문경": [
        0.552672222222221,
        0.381703993055556
    ],
    "청송": [
        0.674056828703703,
        0.40784230324074106
    ],
    "영덕": [
        0.724337538580247,
        0.39447395833333293
    ],
    "의성": [
        0.626186651234569,
        0.4185859375
    ],
    "구미": [
        0.576069367283952,
        0.44925289351851794
    ],
    "영천": [
        0.6619769290123471,
        0.47008738425925894
    ],
    "경주": [
        0.695955902777776,
        0.491846643518519
    ],
    "거창": [
        0.520136844135802,
        0.512245949074074
    ],
    "합천": [
        0.555545794753088,
        0.526158275462963
    ],
    "밀양": [
        0.6337451003086421,
        0.536167534722222
    ],
    "산청": [
        0.5159422453703689,
        0.5468431712962971
    ],
    "거제": [
        0.614746836419754,
        0.618213541666667
    ],
    "남해": [
        0.522383950617284,
        0.6279508101851851
    ]
}